{"stats":{"minecraft:used":{"farmersdelight:organic_compost":1,"minecraft:firework_rocket":422,"minecraft:sugar_cane":8},"minecraft:killed":{"minecraft:chicken":1},"minecraft:picked_up":{"minecraft:chicken":1,"minecraft:sugar_cane":4},"minecraft:custom":{"minecraft:time_since_rest":13062,"minecraft:open_chest":2,"minecraft:crouch_one_cm":148,"minecraft:play_time":13062,"minecraft:sprint_one_cm":31706,"minecraft:damage_taken":30,"minecraft:walk_one_cm":40226,"minecraft:sneak_time":18,"minecraft:walk_under_water_one_cm":40034,"minecraft:mob_kills":1,"minecraft:aviate_one_cm":1432540,"minecraft:jump":56,"minecraft:damage_dealt":113,"minecraft:leave_game":1,"minecraft:time_since_death":13062,"minecraft:walk_on_water_one_cm":23931,"minecraft:total_world_time":13062,"minecraft:swim_one_cm":1140,"minecraft:fly_one_cm":30068}},"DataVersion":3465}