{"stats":{"minecraft:used":{"farmersdelight:organic_compost":1,"minecraft:firework_rocket":532,"minecraft:sugar_cane":8},"minecraft:killed":{"minecraft:chicken":1},"minecraft:picked_up":{"minecraft:chicken":1,"minecraft:sugar_cane":4},"minecraft:custom":{"minecraft:time_since_rest":21555,"minecraft:open_chest":2,"minecraft:crouch_one_cm":148,"minecraft:play_time":21555,"minecraft:sprint_one_cm":31706,"minecraft:damage_taken":30,"minecraft:walk_one_cm":40682,"minecraft:sneak_time":37,"minecraft:walk_under_water_one_cm":80226,"minecraft:mob_kills":1,"minecraft:aviate_one_cm":3032796,"minecraft:jump":60,"minecraft:damage_dealt":113,"minecraft:leave_game":2,"minecraft:time_since_death":21555,"minecraft:walk_on_water_one_cm":68149,"minecraft:total_world_time":21555,"minecraft:swim_one_cm":1140,"minecraft:fly_one_cm":33892}},"DataVersion":3465}